Industry,Technology,Skills,Target Audience,Idea
education,,,,"
Startup Name: EduAI
Problem Statement: Students struggle with personalized learning.
Solution: AI-powered tutoring platform for .
Key Features: Adaptive learning, real-time feedback, quizzes.
Technology Stack: , Python, 
Business Model: Subscription
Pitch Summary: AI platform that helps  learn smarter in the education industry.
    "
education,,,,"
Startup Name: EduAI
Problem Statement: Students struggle with personalized learning.
Solution: AI-powered tutoring platform for .
Key Features: Adaptive learning, real-time feedback, quizzes.
Technology Stack: , Python, 
Business Model: Subscription
Pitch Summary: AI platform that helps  learn smarter in the education industry.
    "
